Month-Day,Student Code,Changeover timezone
01-01,6840,Africa/Cairo
01-02,7053,Africa/Cairo
01-03,1215,Africa/Cairo
01-04,3684,Africa/Cairo
01-05,5385,Africa/Cairo
01-06,6151,Africa/Cairo
01-07,1370,Africa/Cairo
01-08,0419,Africa/Cairo
01-09,6062,Africa/Cairo
01-10,3543,Africa/Cairo
01-11,6719,Africa/Cairo
01-12,8739,Africa/Cairo
01-13,0595,Africa/Cairo
01-14,3876,Africa/Cairo
01-15,4963,Africa/Cairo
01-16,7746,Africa/Cairo
01-17,8797,Africa/Cairo
01-18,1921,Africa/Cairo
01-19,5921,Africa/Cairo
01-20,2661,Africa/Cairo
01-21,7662,Africa/Cairo
01-22,0774,Africa/Cairo
01-23,2611,Africa/Cairo
01-24,8086,Africa/Cairo
01-25,2637,Africa/Cairo
01-26,1549,Africa/Cairo
01-27,1718,Africa/Cairo
01-28,7608,Africa/Cairo
01-29,5760,Africa/Cairo
01-30,6693,Africa/Cairo
01-31,8620,Africa/Cairo
02-01,1526,Africa/Cairo
02-02,5557,Africa/Cairo
02-03,7990,Africa/Cairo
02-04,6434,Africa/Cairo
02-05,3131,Africa/Cairo
02-06,4499,Africa/Cairo
02-07,4996,Africa/Cairo
02-08,3184,Africa/Cairo
02-09,8351,Africa/Cairo
02-10,6301,Africa/Cairo
02-11,1601,Africa/Cairo
02-12,3354,Africa/Cairo
02-13,7801,Africa/Cairo
02-14,6929,Africa/Cairo
02-15,9706,Africa/Cairo
02-16,1719,Africa/Cairo
02-17,7715,Africa/Cairo
02-18,5623,Africa/Cairo
02-19,1807,Africa/Cairo
02-20,4249,Africa/Cairo
02-21,3268,Africa/Cairo
02-22,3209,Africa/Cairo
02-23,8312,Africa/Cairo
02-24,2761,Africa/Cairo
02-25,1764,Africa/Cairo
02-26,1259,Africa/Cairo
02-27,0311,Africa/Cairo
02-28,0208,Africa/Cairo
02-29,2513,Africa/Cairo
03-01,2962,Africa/Cairo
03-02,6016,Africa/Cairo
03-03,8166,Africa/Cairo
03-04,9487,Africa/Cairo
03-05,5105,Africa/Cairo
03-06,6743,Africa/Cairo
03-07,4823,Africa/Cairo
03-08,6222,Africa/Cairo
03-09,7634,Africa/Cairo
03-10,3963,Africa/Cairo
03-11,8758,Africa/Cairo
03-12,8457,Africa/Cairo
03-13,4854,Africa/Cairo
03-14,8798,Africa/Cairo
03-15,1830,Africa/Cairo
03-16,3661,Africa/Cairo
03-17,3686,Africa/Cairo
03-18,0868,Africa/Cairo
03-19,3780,Africa/Cairo
03-20,0659,Africa/Cairo
03-21,7885,Africa/Cairo
03-22,8001,Africa/Cairo
03-23,9322,Africa/Cairo
03-24,6579,Africa/Cairo
03-25,7819,Africa/Cairo
03-26,5509,Africa/Cairo
03-27,1846,Africa/Cairo
03-28,2431,Africa/Cairo
03-29,2691,Africa/Cairo
03-30,5063,Africa/Cairo
03-31,4955,Africa/Cairo
04-01,6325,Africa/Cairo
04-02,5499,Africa/Cairo
04-03,3612,Africa/Cairo
04-04,3189,Africa/Cairo
04-05,1243,Africa/Cairo
04-06,0550,Africa/Cairo
04-07,4202,Africa/Cairo
04-08,1166,Africa/Cairo
04-09,7950,Africa/Cairo
04-10,2660,Africa/Cairo
04-11,1423,Africa/Cairo
04-12,1460,Africa/Cairo
04-13,7949,Africa/Cairo
04-14,3416,Africa/Cairo
04-15,7431,Africa/Cairo
04-16,1104,Africa/Cairo
04-17,5236,Africa/Cairo
04-18,3454,Africa/Cairo
04-19,8325,Africa/Cairo
04-20,8357,Africa/Cairo
04-21,6239,Africa/Cairo
04-22,0530,Africa/Cairo
04-23,8271,Africa/Cairo
04-24,8104,Africa/Cairo
04-25,6298,Africa/Cairo
04-26,2140,Africa/Cairo
04-27,2753,Africa/Cairo
04-28,9289,Africa/Cairo
04-29,2705,Africa/Cairo
04-30,9709,Africa/Cairo
05-01,8186,Africa/Cairo
05-02,5382,Africa/Cairo
05-03,3138,Africa/Cairo
05-04,8674,Africa/Cairo
05-05,5830,Africa/Cairo
05-06,5476,Africa/Cairo
05-07,8278,Africa/Cairo
05-08,8723,Africa/Cairo
05-09,1106,Africa/Cairo
05-10,9506,Africa/Cairo
05-11,0686,Africa/Cairo
05-12,1754,Africa/Cairo
05-13,7324,Africa/Cairo
05-14,7399,Africa/Cairo
05-15,6448,Africa/Cairo
05-16,9628,Africa/Cairo
05-17,4483,Africa/Cairo
05-18,3927,Africa/Cairo
05-19,5280,Africa/Cairo
05-20,6028,Africa/Cairo
05-21,2377,Africa/Cairo
05-22,1561,Africa/Cairo
05-23,6361,Africa/Cairo
05-24,1352,Africa/Cairo
05-25,8294,Africa/Cairo
05-26,9386,Africa/Cairo
05-27,7073,Africa/Cairo
05-28,6048,Africa/Cairo
05-29,0676,Africa/Cairo
05-30,1478,Africa/Cairo
05-31,2839,Africa/Cairo
06-01,0919,Africa/Cairo
06-02,7998,Africa/Cairo
06-03,3500,Africa/Cairo
06-04,1133,Africa/Cairo
06-05,2006,Africa/Cairo
06-06,7288,Africa/Cairo
06-07,4666,Africa/Cairo
06-08,0738,Africa/Cairo
06-09,8339,Africa/Cairo
06-10,9408,Africa/Cairo
06-11,4792,Africa/Cairo
06-12,0347,Africa/Cairo
06-13,2757,Africa/Cairo
06-14,9131,Africa/Cairo
06-15,9640,Africa/Cairo
06-16,8929,Africa/Cairo
06-17,2504,Africa/Cairo
06-18,0455,Africa/Cairo
06-19,0844,Africa/Cairo
06-20,0902,Africa/Cairo
06-21,3999,Africa/Cairo
06-22,3255,Africa/Cairo
06-23,3909,Africa/Cairo
06-24,5283,Africa/Cairo
06-25,7794,Africa/Cairo
06-26,0952,Africa/Cairo
06-27,7402,Africa/Cairo
06-28,5817,Africa/Cairo
06-29,8398,Africa/Cairo
06-30,5358,Africa/Cairo
07-01,3742,Africa/Cairo
07-02,6052,Africa/Cairo
07-03,1058,Africa/Cairo
07-04,4360,Africa/Cairo
07-05,4933,Africa/Cairo
07-06,7423,Africa/Cairo
07-07,9124,Africa/Cairo
07-08,3931,Africa/Cairo
07-09,0173,Africa/Cairo
07-10,1793,Africa/Cairo
07-11,4952,Africa/Cairo
07-12,6937,Africa/Cairo
07-13,5341,Africa/Cairo
07-14,9779,Africa/Cairo
07-15,2233,Africa/Cairo
07-16,7698,Africa/Cairo
07-17,7907,Africa/Cairo
07-18,5703,Africa/Cairo
07-19,0928,Africa/Cairo
07-20,8629,Africa/Cairo
07-21,8588,Africa/Cairo
07-22,1646,Africa/Cairo
07-23,6637,Africa/Cairo
07-24,7785,Africa/Cairo
07-25,8634,Africa/Cairo
07-26,0199,Africa/Cairo
07-27,7653,Africa/Cairo
07-28,2796,Africa/Cairo
07-29,9676,Africa/Cairo
07-30,2030,Africa/Cairo
07-31,6300,Africa/Cairo
08-01,7097,Africa/Cairo
08-02,1784,Africa/Cairo
08-03,0537,Africa/Cairo
08-04,4212,Africa/Cairo
08-05,7044,Africa/Cairo
08-06,7589,Africa/Cairo
08-07,4145,Africa/Cairo
08-08,6173,Africa/Cairo
08-09,0670,Africa/Cairo
08-10,9772,Africa/Cairo
08-11,6617,Africa/Cairo
08-12,7473,Africa/Cairo
08-13,7216,Africa/Cairo
08-14,2806,Africa/Cairo
08-15,5936,Africa/Cairo
08-16,7714,Africa/Cairo
08-17,4028,Africa/Cairo
08-18,1805,Africa/Cairo
08-19,9596,Africa/Cairo
08-20,2858,Africa/Cairo
08-21,7336,Africa/Cairo
08-22,1443,Africa/Cairo
08-23,4443,Africa/Cairo
08-24,1948,Africa/Cairo
08-25,3934,Africa/Cairo
08-26,6096,Africa/Cairo
08-27,7811,Africa/Cairo
08-28,0359,Africa/Cairo
08-29,4009,Africa/Cairo
08-30,2897,Africa/Cairo
08-31,0950,Africa/Cairo
09-01,4965,Africa/Cairo
09-02,2226,Africa/Cairo
09-03,1314,Africa/Cairo
09-04,9368,Africa/Cairo
09-05,0090,Africa/Cairo
09-06,0511,Africa/Cairo
09-07,6038,Africa/Cairo
09-08,8448,Africa/Cairo
09-09,1656,Africa/Cairo
09-10,5123,Africa/Cairo
09-11,6154,Africa/Cairo
09-12,6699,Africa/Cairo
09-13,4511,Africa/Cairo
09-14,1179,Africa/Cairo
09-15,5275,Africa/Cairo
09-16,7755,Africa/Cairo
09-17,7460,Africa/Cairo
09-18,5810,Africa/Cairo
09-19,9862,Africa/Cairo
09-20,6597,Africa/Cairo
09-21,3869,Africa/Cairo
09-22,8285,Africa/Cairo
09-23,1868,Africa/Cairo
09-24,1867,Africa/Cairo
09-25,5271,Africa/Cairo
09-26,3885,Africa/Cairo
09-27,2976,Africa/Cairo
09-28,1429,Africa/Cairo
09-29,0531,Africa/Cairo
09-30,3984,Africa/Cairo
10-01,2060,Africa/Cairo
10-02,9803,Africa/Cairo
10-03,7501,Africa/Cairo
10-04,3306,Africa/Cairo
10-05,5065,Africa/Cairo
10-06,2126,Africa/Cairo
10-07,1962,Africa/Cairo
10-08,1893,Africa/Cairo
10-09,7314,Africa/Cairo
10-10,2387,Africa/Cairo
10-11,4891,Africa/Cairo
10-12,3410,Africa/Cairo
10-13,9510,Africa/Cairo
10-14,9539,Africa/Cairo
10-15,8719,Africa/Cairo
10-16,1520,Africa/Cairo
10-17,4359,Africa/Cairo
10-18,9653,Africa/Cairo
10-19,5496,Africa/Cairo
10-20,3332,Africa/Cairo
10-21,7966,Africa/Cairo
10-22,9609,Africa/Cairo
10-23,8262,Africa/Cairo
10-24,2551,Africa/Cairo
10-25,0313,Africa/Cairo
10-26,2238,Africa/Cairo
10-27,3123,Africa/Cairo
10-28,8187,Africa/Cairo
10-29,6237,Africa/Cairo
10-30,7719,Africa/Cairo
10-31,1900,Africa/Cairo
11-01,0146,Africa/Cairo
11-02,5237,Africa/Cairo
11-03,2319,Africa/Cairo
11-04,7827,Africa/Cairo
11-05,0996,Africa/Cairo
11-06,0734,Africa/Cairo
11-07,8496,Africa/Cairo
11-08,2456,Africa/Cairo
11-09,5369,Africa/Cairo
11-10,8412,Africa/Cairo
11-11,6820,Africa/Cairo
11-12,1682,Africa/Cairo
11-13,5002,Africa/Cairo
11-14,9452,Africa/Cairo
11-15,3134,Africa/Cairo
11-16,1574,Africa/Cairo
11-17,5766,Africa/Cairo
11-18,7277,Africa/Cairo
11-19,0999,Africa/Cairo
11-20,3086,Africa/Cairo
11-21,5443,Africa/Cairo
11-22,9069,Africa/Cairo
11-23,1885,Africa/Cairo
11-24,8831,Africa/Cairo
11-25,4607,Africa/Cairo
11-26,4488,Africa/Cairo
11-27,4950,Africa/Cairo
11-28,0798,Africa/Cairo
11-29,8818,Africa/Cairo
11-30,3015,Africa/Cairo
12-01,8692,Africa/Cairo
12-02,3345,Africa/Cairo
12-03,1197,Africa/Cairo
12-04,5419,Africa/Cairo
12-05,9318,Africa/Cairo
12-06,9412,Africa/Cairo
12-07,2428,Africa/Cairo
12-08,4837,Africa/Cairo
12-09,9728,Africa/Cairo
12-10,4318,Africa/Cairo
12-11,7881,Africa/Cairo
12-12,7691,Africa/Cairo
12-13,6342,Africa/Cairo
12-14,4790,Africa/Cairo
12-15,6996,Africa/Cairo
12-16,9482,Africa/Cairo
12-17,6509,Africa/Cairo
12-18,5905,Africa/Cairo
12-19,9599,Africa/Cairo
12-20,0067,Africa/Cairo
12-21,1036,Africa/Cairo
12-22,6183,Africa/Cairo
12-23,8009,Africa/Cairo
12-24,8446,Africa/Cairo
12-25,5248,Africa/Cairo
12-26,9380,Africa/Cairo
12-27,1358,Africa/Cairo
12-28,5644,Africa/Cairo
12-29,4981,Africa/Cairo
12-30,1083,Africa/Cairo
12-31,3362,Africa/Cairo
